,content,emotion
0,挑了好久的安全座椅，最后选择了bebebus ，为颜值买单，为孩子负责。安装的时候建议找客服要安装视频哦，安装简单。,0.11569945472427734
1,朋友推荐的 看了好多家最终还是选了他 值得拥有 孩子四个月体验还不错 买的经典款,0.9999362927984206
4,对比多家还是决定选择bebebus，颜值安全性都很不错，等过两天宝宝出去体检正好可以坐了☺️,0.9937226675626364
5,都说小朋友不配合坐安全座椅，决定买这款产品还心存疑虑。好在昨天第一次带他出门全程都非常配合，宝宝还在上面玩睡着了。,0.999615437082817
6,选了好多个牌子，最终还是选择bebebus 原本打算是为颜值买单，谁知道宝宝坐着也很舒服，每次都是上车就睡觉了，不哭不闹。,0.9884704005166988
7,挑选了好几款，最终选择这个品牌，首先安全座椅颜值很高，宝贝一坐上就开始睡觉，不窝脖子，其次安全性很高，座椅的按钮很好调动，我一个人也能轻松带宝宝出门，一个人坐后面就玩，累了就自己睡了，非常棒！,0.9999996497301707
8,一胎的时候买了白色很好用，这次二胎买个黑的 黑白配…总体来讲很结实颜值也很高～,0.9976067411888886
9,安全座椅颜值非常高，安装也方便，安全性没得说，很好,0.9388786930439093
10,安装上有点反人类，我们俩人装了俩小时 外，背部有个划痕，卖家也是很愉快的解决了，总之，终于买到了喜欢的黑色,0.4734954239592082
11,宝宝很喜欢😍坐着也舒服，不哭不闹，也安全啊！,0.9916800319251172
12,颜值很高 一分价钱一分货 很喜欢 宝宝坐着也会开心 家长也省事,0.9814700313088386
13,物流很快，送的东西也很多！！宝宝还没到可以坐的时间，测评以后上😜,0.9880467529724132
14,已经第三次买天文家了，性价比高！！第一个买了4年了完全没问题，第三个送礼的。小孩坐着睡觉很舒服,0.5739912479695747
15,宝宝刚刚三个月，因为报了游泳班，所以要经常出门，果断入手了这个品牌的儿童安全座椅，闺蜜也送了同品牌的腰凳，简直是解放了双手，宝妈放心买，旋转灵活，骨架结实，安装视频也很好。,0.9999974942541903
16,小朋友长大了需要更好的保护，换了新的椅子睡觉也舒服了很多，安全性也让人放心，很不错。,0.9941920569551077
17,新手妈妈第一首选,0.9936929587034763
18,首先，座椅颜值很高，布料材质摸着舒服，宝宝坐过后后背也没有出汗黏腻的感觉。旋转和侧拉功能很灵敏，使用感不错，宝宝坐着挺舒适，躺的角度还挺大的。,0.9999951986376244
19,看了很久的安全座椅，最终选择了这一款。收到货后很满意，宝宝坐上去很舒适。,0.9933465191453406
20,安装还算简单，有点重需要爸爸来安装，解放双手啊，睡2小时 应该是比较舒服的。618买的也很划算。颜值我喜欢,0.9976748613244395
21,这个非常好用，宝宝坐着很舒服的，结构什么的都不错的，整体来说是可以的，很不错的。,0.9999332704060455
22,颜值很高 宝宝坐着也很舒服,0.9835364991418253
23,这个座椅很舒适，宝宝坐着特别好，很实用，出门解放了家长的双手，而且宝宝坐着很安全，好评物有所值！,0.9999990978698943
24,很整的感觉，跟车内饰颜色也很搭，希望我们家宝宝能喜欢坐🥰,0.9617459899969317
25,还可以 买的智能版 为了要座椅通风 不然宝宝太遭罪了 满身汗 安装方便！好评,0.1542361138116729
26,座椅很舒服，宝宝坐了不哭不闹，上车不一会儿就睡了,0.9823939274752427
27,宝宝特别爱坐,0.9526960701161882
28,安全性:还可以 第一次坐宝宝没有闹，垫脑袋的那块垫子有点高了，宝宝坐着脖子有点空，拆下来会比较舒服一点,0.8879919803784097
29,此用户没有填写评价。,0.14542800010477508
30,3天后追评：座椅很稳！安全性能高！宝宝做的很舒适！会推荐给朋友来买,0.9990853182185307
31,质量不错， 灵活旋转：不错 安全性：好 骨架结实：结实 安装服务：非常好安装,0.9959476331308702
33,"36天后追评：很满意
                    对比了很多品牌做了很多攻略 这个安全座椅颜值超高",0.9992430259749052
34,太好用了,0.4734776023452153
35,质量不错，座椅手感也不错。正反三个角度，90度悬停上下，很方便。,0.9977248269060017
36,颜值非常高 个人觉得小月龄宝宝睡上也很舒服 操作比较简单 我一个女生都可以安装 出门非常方便啦 以后解放双手 自己一个人开车就可以带她出去玩,0.9695512070891322
37,五星好评，非常好！想不到那么快就到了！,0.77720923460757
38,安全性:好 灵活旋转:好 骨架结实:好 安装服务:好 物流服务:好,0.9833611204233064
39,挺好的 收到就安装了 服务也很好的噢,0.9673347108259609
40,小红书上做了很久的攻略，最后决定买这一款。到手以后发现还是很不错的，质感什么的都比一般的好多了,0.9993812122017308
41,BeBebus 这个牌子买了很多东西都觉得挺好的，安全座椅💺对比了很多品牌最后还是选择了bbb ，外观很漂亮,0.9999450551278674
42,品质棒棒哒！爱了！宝宝喜欢,0.9776951677458077
43,昨天收到的。,0.4932610719555849
44,外观挺好的，儿子反正上车就睡，挺好的。 再晒一个来自儿子的点赞。,0.9999694683763647
45,哈哈哈安全座椅已就位～～～安装起来还蛮简单的、希望到时候崽崽能愿意坐进去,0.9996371173687617
46,安全性：非常安全 灵活旋转：可以轻松调节 骨架结实：特别满意,0.9891254863227338
48,"53天后追评：颜值没得说，小朋友出行睡着了
                    一直相信bbs",0.3313196579501583
49,客服很有耐心，在客服的耐心讲解下很快就安装好了，宝宝喜欢坐不窝脖子，看起来就很舒适，颜值超级高的座椅，姐妹们可以放心冲！,0.9999584376726398
50,还没给希望宝宝喜欢，高端大气,0.9893213052832547
51,好大一个，做了很多功课选了智能版，客服服务很好，很满意。期待安装效果,0.9741312522212728
52,做了挺多功课最终入手了这款天文家pro，颜值高，白金的配色很大气，宝宝第一次坐上去就很开心，一会会就睡着了,0.9992791982029641
53,0天后追评：坐垫很舒服，宝宝一点也不抗拒,0.17561384925210155
55,62天后追评：快递很快就收到了，用了段时间才来追评。宝贝很喜欢坐，很安全，颜值也很高。,0.8375168887851733
57,"23天后追评：宝贝挺喜欢坐的 上车就睡了
                    关键不窝脖子 放心购买",0.9803646935255107
58,40来分钟的路程，小朋友坐着坐着就睡着了，可见安全座椅的舒适度杠杠的！只要小朋友乐意坐，能保证安全，那就是物超所值啦～,0.9998401594562993
59,宝宝安全座椅的颜值天花板了！,0.45967435529844847
61,6天后追评：新座驾试坐，高颜值与高性能并存👍,0.9344602108921992
62,买之前一直担心他不愿意坐 纠结了好久 买回来第一次试坐很成功 ～ 甚至解锁了吃安抚奶嘴睡觉～,0.9996565332703725
63,坐着不哭不闹，应该是舒服的哈哈哈哈哈不得不说屈服于颜值了，要是支撑腿能收纳就完美了,0.9999436090582027
64,这个红色的安全座椅真的很好看，宝宝坐上去很舒服，以后可以带着宝宝出去兜风啦，客服也很nice，不错👍 安全性:材料很厚实 灵活旋转:很灵活、操作方便,0.999970357266459
66,"62天后追评：安全座椅和溜娃神器都认准bebebus
                    ，颜值高，宝宝不哭不闹也很喜欢，出行必备，值得入手👍",0.991873217203449
67,非常完美 孩子坐也很舒适,0.993780673282293
68,整体还不错，宝宝现在一岁7个月，之前做表弟的愿意做，所以还是买了这款，接受度还蛮高的，尿不湿也一直用的他家的❤️❤️,0.903883941566974
69,0天后追评：现在出行有安全座椅老母亲也敢尝试上路了，安全第一,0.3201809719506299
70,一分钱一分货，跟便宜的没法比，宝宝很喜欢坐。,0.25992572169168604
